-- Эталонный («чистый») набор данных: все data-quality проверки должны вернуть 0 нарушений.
-- Используется в CI как зелёный baseline.

INSERT INTO customers (id, full_name, email, phone, created_at) VALUES
    (1, 'Иван Петров',      'ivan@example.com',   '+79110000001', '2025-01-10 09:00:00'),
    (2, 'Мария Сидорова',   'maria@example.com',  '+79110000002', '2025-01-12 11:30:00'),
    (3, 'Алексей Кузнецов', 'alex@example.com',   '+79110000003', '2025-02-01 14:15:00'),
    (4, 'Ольга Смирнова',   'olga@example.com',   '+79110000004', '2025-02-03 16:45:00'),
    (5, 'Дмитрий Иванов',   'dmitry@example.com', '+79110000005', '2025-02-20 08:20:00');

INSERT INTO tours (id, title, country, price, seats_total) VALUES
    (1, 'Анталья, 7 ночей',  'Турция', 85000.00, 30),
    (2, 'Хургада, 10 ночей', 'Египет', 72000.00, 25),
    (3, 'Сочи, 5 ночей',     'Россия', 45000.00, 40);

INSERT INTO bookings (id, customer_id, tour_id, status, pax, amount, created_at) VALUES
    (1, 1, 1, 'paid',      2, 170000.00, '2025-03-01 10:00:00'),
    (2, 2, 2, 'new',       1,  72000.00, '2025-03-02 12:00:00'),
    (3, 3, 3, 'cancelled', 3, 135000.00, '2025-03-03 13:30:00'),
    (4, 4, 1, 'refunded',  2, 170000.00, '2025-03-04 15:00:00'),
    (5, 5, 2, 'paid',      2, 144000.00, '2025-03-05 09:45:00');

INSERT INTO payments (id, booking_id, amount, status, paid_at) VALUES
    (1, 1, 170000.00, 'succeeded', '2025-03-01 10:05:00'),
    (2, 3, 135000.00, 'failed',    '2025-03-03 13:35:00'),
    (3, 4, 170000.00, 'succeeded', '2025-03-04 15:05:00'),
    (4, 4, 170000.00, 'refunded',  '2025-03-10 11:00:00'),
    (5, 5, 144000.00, 'succeeded', '2025-03-05 09:50:00');
